video_name,gender,skin_tone,age_group,lighting_quality,confidence,posture_score,detection_rate,keypoints_detected,status
vid1,male,white,,medium,0.7214700683631735,1.0,1.0,25.0,success
vid2,male,white,mid,good,0.6207223862657363,1.0,1.0,21.58823529411765,success
vid3,female,white,young,good,0.6754880815137629,0.8583333333333334,1.0,23.583333333333332,success
vid4,male,brown,old,good,0.6189243220018619,0.6666666666666666,0.8571428571428571,21.833333333333332,success
vid5,female,brown,mid,good,0.5141228571400744,0.890909090909091,1.0,13.363636363636363,success
vid6,male,black,young,good,0.46965093142117814,0.7083333333333334,0.7058823529411765,14.0,success
vid7,female,white,young,good,0.694518347529915,1.0,1.0,23.136363636363637,success
vid8,female,white,mid,good,0.7600009078128571,0.9777777777777779,1.0,25.555555555555557,success
vid9,female,white,mid,good,0.7291636683222422,1.0,1.0,25.88888888888889,success
